passenger_id,first_name,last_name,age,gender,email,phone,aadhaar_id,date_of_birth
SP0001,Passenger001,Sample001,52,F,passenger001@example.com,+91-9000000001,900000000001,1974-04-08
SP0002,Passenger002,Sample002,15,M,passenger002@example.com,+91-9000000002,900000000002,2011-03-07
SP0003,Passenger003,Sample003,72,M,passenger003@example.com,+91-9000000003,900000000003,1954-09-10
SP0004,Passenger004,Sample004,61,F,passenger004@example.com,+91-9000000004,900000000004,1965-03-12
SP0005,Passenger005,Sample005,21,M,passenger005@example.com,+91-9000000005,900000000005,2005-11-11
SP0006,Passenger006,Sample006,83,M,passenger006@example.com,+91-9000000006,900000000006,1943-03-09
SP0007,Passenger007,Sample007,87,M,passenger007@example.com,+91-9000000007,900000000007,1939-02-25
SP0008,Passenger008,Sample008,75,M,passenger008@example.com,+91-9000000008,900000000008,1951-11-24
SP0009,Passenger009,Sample009,75,M,passenger009@example.com,+91-9000000009,900000000009,1951-11-10
SP0010,Passenger010,Sample010,88,M,passenger010@example.com,+91-9000000010,900000000010,1938-04-02
SP0011,Passenger011,Sample011,24,M,passenger011@example.com,+91-9000000011,900000000011,2002-04-18
SP0012,Passenger012,Sample012,3,M,passenger012@example.com,+91-9000000012,900000000012,2023-04-19
SP0013,Passenger013,Sample013,22,M,passenger013@example.com,+91-9000000013,900000000013,2004-03-24
SP0014,Passenger014,Sample014,53,M,passenger014@example.com,+91-9000000014,900000000014,1973-01-13
SP0015,Passenger015,Sample015,2,F,passenger015@example.com,+91-9000000015,900000000015,2024-09-04
SP0016,Passenger016,Sample016,88,F,passenger016@example.com,+91-9000000016,900000000016,1938-05-26
SP0017,Passenger017,Sample017,30,M,passenger017@example.com,+91-9000000017,900000000017,1996-01-19
SP0018,Passenger018,Sample018,38,F,passenger018@example.com,+91-9000000018,900000000018,1988-10-02
SP0019,Passenger019,Sample019,2,F,passenger019@example.com,+91-9000000019,900000000019,2024-08-11
SP0020,Passenger020,Sample020,64,M,passenger020@example.com,+91-9000000020,900000000020,1962-06-10
SP0021,Passenger021,Sample021,60,M,passenger021@example.com,+91-9000000021,900000000021,1966-12-18
SP0022,Passenger022,Sample022,21,M,passenger022@example.com,+91-9000000022,900000000022,2005-01-01
SP0023,Passenger023,Sample023,33,F,passenger023@example.com,+91-9000000023,900000000023,1993-06-19
SP0024,Passenger024,Sample024,76,F,passenger024@example.com,+91-9000000024,900000000024,1950-10-24
SP0025,Passenger025,Sample025,58,M,passenger025@example.com,+91-9000000025,900000000025,1968-08-08
SP0026,Passenger026,Sample026,22,M,passenger026@example.com,+91-9000000026,900000000026,2004-07-22
SP0027,Passenger027,Sample027,89,M,passenger027@example.com,+91-9000000027,900000000027,1937-10-17
SP0028,Passenger028,Sample028,49,F,passenger028@example.com,+91-9000000028,900000000028,1977-10-11
SP0029,Passenger029,Sample029,59,F,passenger029@example.com,+91-9000000029,900000000029,1967-10-10
SP0030,Passenger030,Sample030,42,F,passenger030@example.com,+91-9000000030,900000000030,1984-12-06
SP0031,Passenger031,Sample031,60,F,passenger031@example.com,+91-9000000031,900000000031,1966-10-28
SP0032,Passenger032,Sample032,80,M,passenger032@example.com,+91-9000000032,900000000032,1946-12-17
SP0033,Passenger033,Sample033,15,M,passenger033@example.com,+91-9000000033,900000000033,2011-07-27
SP0034,Passenger034,Sample034,62,M,passenger034@example.com,+91-9000000034,900000000034,1964-04-09
SP0035,Passenger035,Sample035,62,M,passenger035@example.com,+91-9000000035,900000000035,1964-08-14
SP0036,Passenger036,Sample036,62,M,passenger036@example.com,+91-9000000036,900000000036,1964-09-24
SP0037,Passenger037,Sample037,47,F,passenger037@example.com,+91-9000000037,900000000037,1979-09-01
SP0038,Passenger038,Sample038,62,F,passenger038@example.com,+91-9000000038,900000000038,1964-07-09
SP0039,Passenger039,Sample039,51,M,passenger039@example.com,+91-9000000039,900000000039,1975-01-20
SP0040,Passenger040,Sample040,55,M,passenger040@example.com,+91-9000000040,900000000040,1971-05-04
SP0041,Passenger041,Sample041,64,F,passenger041@example.com,+91-9000000041,900000000041,1962-01-12
SP0042,Passenger042,Sample042,3,M,passenger042@example.com,+91-9000000042,900000000042,2023-07-06
SP0043,Passenger043,Sample043,51,F,passenger043@example.com,+91-9000000043,900000000043,1975-08-19
SP0044,Passenger044,Sample044,7,M,passenger044@example.com,+91-9000000044,900000000044,2019-09-01
SP0045,Passenger045,Sample045,21,M,passenger045@example.com,+91-9000000045,900000000045,2005-07-23
SP0046,Passenger046,Sample046,73,M,passenger046@example.com,+91-9000000046,900000000046,1953-05-09
SP0047,Passenger047,Sample047,39,M,passenger047@example.com,+91-9000000047,900000000047,1987-05-04
SP0048,Passenger048,Sample048,18,M,passenger048@example.com,+91-9000000048,900000000048,2008-11-28
SP0049,Passenger049,Sample049,4,M,passenger049@example.com,+91-9000000049,900000000049,2022-07-16
SP0050,Passenger050,Sample050,89,M,passenger050@example.com,+91-9000000050,900000000050,1937-09-13
SP0051,Passenger051,Sample051,60,F,passenger051@example.com,+91-9000000051,900000000051,1966-03-08
SP0052,Passenger052,Sample052,14,F,passenger052@example.com,+91-9000000052,900000000052,2012-11-08
SP0053,Passenger053,Sample053,9,F,passenger053@example.com,+91-9000000053,900000000053,2017-05-15
SP0054,Passenger054,Sample054,53,F,passenger054@example.com,+91-9000000054,900000000054,1973-10-09
SP0055,Passenger055,Sample055,2,F,passenger055@example.com,+91-9000000055,900000000055,2024-10-14
SP0056,Passenger056,Sample056,84,M,passenger056@example.com,+91-9000000056,900000000056,1942-01-15
SP0057,Passenger057,Sample057,60,M,passenger057@example.com,+91-9000000057,900000000057,1966-10-25
SP0058,Passenger058,Sample058,71,F,passenger058@example.com,+91-9000000058,900000000058,1955-12-06
SP0059,Passenger059,Sample059,44,M,passenger059@example.com,+91-9000000059,900000000059,1982-08-16
SP0060,Passenger060,Sample060,8,F,passenger060@example.com,+91-9000000060,900000000060,2018-01-10
SP0061,Passenger061,Sample061,47,F,passenger061@example.com,+91-9000000061,900000000061,1979-10-13
SP0062,Passenger062,Sample062,35,M,passenger062@example.com,+91-9000000062,900000000062,1991-08-04
SP0063,Passenger063,Sample063,78,M,passenger063@example.com,+91-9000000063,900000000063,1948-07-11
SP0064,Passenger064,Sample064,81,M,passenger064@example.com,+91-9000000064,900000000064,1945-01-11
SP0065,Passenger065,Sample065,36,F,passenger065@example.com,+91-9000000065,900000000065,1990-07-20
SP0066,Passenger066,Sample066,50,M,passenger066@example.com,+91-9000000066,900000000066,1976-08-12
SP0067,Passenger067,Sample067,4,F,passenger067@example.com,+91-9000000067,900000000067,2022-10-10
SP0068,Passenger068,Sample068,2,F,passenger068@example.com,+91-9000000068,900000000068,2024-11-07
SP0069,Passenger069,Sample069,6,F,passenger069@example.com,+91-9000000069,900000000069,2020-12-14
SP0070,Passenger070,Sample070,54,M,passenger070@example.com,+91-9000000070,900000000070,1972-02-05
SP0071,Passenger071,Sample071,4,M,passenger071@example.com,+91-9000000071,900000000071,2022-07-27
SP0072,Passenger072,Sample072,54,F,passenger072@example.com,+91-9000000072,900000000072,1972-02-05
SP0073,Passenger073,Sample073,63,M,passenger073@example.com,+91-9000000073,900000000073,1963-12-24
SP0074,Passenger074,Sample074,18,M,passenger074@example.com,+91-9000000074,900000000074,2008-02-22
SP0075,Passenger075,Sample075,44,M,passenger075@example.com,+91-9000000075,900000000075,1982-03-26
SP0076,Passenger076,Sample076,34,F,passenger076@example.com,+91-9000000076,900000000076,1992-09-09
SP0077,Passenger077,Sample077,74,F,passenger077@example.com,+91-9000000077,900000000077,1952-12-14
SP0078,Passenger078,Sample078,62,M,passenger078@example.com,+91-9000000078,900000000078,1964-12-26
SP0079,Passenger079,Sample079,14,F,passenger079@example.com,+91-9000000079,900000000079,2012-03-03
SP0080,Passenger080,Sample080,48,M,passenger080@example.com,+91-9000000080,900000000080,1978-12-04
SP0081,Passenger081,Sample081,15,M,passenger081@example.com,+91-9000000081,900000000081,2011-06-05
SP0082,Passenger082,Sample082,72,M,passenger082@example.com,+91-9000000082,900000000082,1954-11-04
SP0083,Passenger083,Sample083,78,M,passenger083@example.com,+91-9000000083,900000000083,1948-04-28
SP0084,Passenger084,Sample084,87,F,passenger084@example.com,+91-9000000084,900000000084,1939-11-27
SP0085,Passenger085,Sample085,62,F,passenger085@example.com,+91-9000000085,900000000085,1964-02-24
SP0086,Passenger086,Sample086,40,F,passenger086@example.com,+91-9000000086,900000000086,1986-03-25
SP0087,Passenger087,Sample087,85,M,passenger087@example.com,+91-9000000087,900000000087,1941-06-14
SP0088,Passenger088,Sample088,80,M,passenger088@example.com,+91-9000000088,900000000088,1946-04-25
SP0089,Passenger089,Sample089,82,M,passenger089@example.com,+91-9000000089,900000000089,1944-11-26
SP0090,Passenger090,Sample090,53,F,passenger090@example.com,+91-9000000090,900000000090,1973-02-13
SP0091,Passenger091,Sample091,24,M,passenger091@example.com,+91-9000000091,900000000091,2002-07-28
SP0092,Passenger092,Sample092,26,F,passenger092@example.com,+91-9000000092,900000000092,2000-02-05
SP0093,Passenger093,Sample093,89,F,passenger093@example.com,+91-9000000093,900000000093,1937-11-11
SP0094,Passenger094,Sample094,60,F,passenger094@example.com,+91-9000000094,900000000094,1966-01-02
SP0095,Passenger095,Sample095,41,F,passenger095@example.com,+91-9000000095,900000000095,1985-06-20
SP0096,Passenger096,Sample096,29,F,passenger096@example.com,+91-9000000096,900000000096,1997-10-06
SP0097,Passenger097,Sample097,15,F,passenger097@example.com,+91-9000000097,900000000097,2011-05-24
SP0098,Passenger098,Sample098,45,M,passenger098@example.com,+91-9000000098,900000000098,1981-11-26
SP0099,Passenger099,Sample099,65,M,passenger099@example.com,+91-9000000099,900000000099,1961-04-08
SP0100,Passenger100,Sample100,89,F,passenger100@example.com,+91-9000000100,900000000100,1937-03-06
SP0101,Passenger101,Sample101,71,F,passenger101@example.com,+91-9000000101,900000000101,1955-05-26
SP0102,Passenger102,Sample102,9,M,passenger102@example.com,+91-9000000102,900000000102,2017-05-02
SP0103,Passenger103,Sample103,88,F,passenger103@example.com,+91-9000000103,900000000103,1938-04-27
SP0104,Passenger104,Sample104,1,F,passenger104@example.com,+91-9000000104,900000000104,2025-02-27
SP0105,Passenger105,Sample105,1,F,passenger105@example.com,+91-9000000105,900000000105,2025-03-18
SP0106,Passenger106,Sample106,8,M,passenger106@example.com,+91-9000000106,900000000106,2018-10-18
SP0107,Passenger107,Sample107,88,F,passenger107@example.com,+91-9000000107,900000000107,1938-06-03
SP0108,Passenger108,Sample108,88,F,passenger108@example.com,+91-9000000108,900000000108,1938-12-25
SP0109,Passenger109,Sample109,88,F,passenger109@example.com,+91-9000000109,900000000109,1938-04-02
SP0110,Passenger110,Sample110,63,F,passenger110@example.com,+91-9000000110,900000000110,1963-05-04
SP0111,Passenger111,Sample111,11,F,passenger111@example.com,+91-9000000111,900000000111,2015-07-20
SP0112,Passenger112,Sample112,81,M,passenger112@example.com,+91-9000000112,900000000112,1945-01-24
SP0113,Passenger113,Sample113,8,M,passenger113@example.com,+91-9000000113,900000000113,2018-02-08
SP0114,Passenger114,Sample114,8,M,passenger114@example.com,+91-9000000114,900000000114,2018-06-13
SP0115,Passenger115,Sample115,35,M,passenger115@example.com,+91-9000000115,900000000115,1991-10-10
SP0116,Passenger116,Sample116,35,F,passenger116@example.com,+91-9000000116,900000000116,1991-05-28
SP0117,Passenger117,Sample117,33,F,passenger117@example.com,+91-9000000117,900000000117,1993-06-15
SP0118,Passenger118,Sample118,5,M,passenger118@example.com,+91-9000000118,900000000118,2021-11-03
SP0119,Passenger119,Sample119,41,F,passenger119@example.com,+91-9000000119,900000000119,1985-03-10
SP0120,Passenger120,Sample120,28,F,passenger120@example.com,+91-9000000120,900000000120,1998-09-03
SP0121,Passenger121,Sample121,7,F,passenger121@example.com,+91-9000000121,900000000121,2019-05-21
SP0122,Passenger122,Sample122,73,F,passenger122@example.com,+91-9000000122,900000000122,1953-03-15
SP0123,Passenger123,Sample123,72,F,passenger123@example.com,+91-9000000123,900000000123,1954-02-11
SP0124,Passenger124,Sample124,12,M,passenger124@example.com,+91-9000000124,900000000124,2014-06-19
SP0125,Passenger125,Sample125,34,F,passenger125@example.com,+91-9000000125,900000000125,1992-04-07
SP0126,Passenger126,Sample126,33,M,passenger126@example.com,+91-9000000126,900000000126,1993-12-12
SP0127,Passenger127,Sample127,48,F,passenger127@example.com,+91-9000000127,900000000127,1978-09-09
SP0128,Passenger128,Sample128,23,M,passenger128@example.com,+91-9000000128,900000000128,2003-01-02
SP0129,Passenger129,Sample129,62,F,passenger129@example.com,+91-9000000129,900000000129,1964-07-20
SP0130,Passenger130,Sample130,88,M,passenger130@example.com,+91-9000000130,900000000130,1938-05-26
SP0131,Passenger131,Sample131,37,F,passenger131@example.com,+91-9000000131,900000000131,1989-01-19
SP0132,Passenger132,Sample132,44,M,passenger132@example.com,+91-9000000132,900000000132,1982-09-07
SP0133,Passenger133,Sample133,86,F,passenger133@example.com,+91-9000000133,900000000133,1940-08-07
SP0134,Passenger134,Sample134,35,M,passenger134@example.com,+91-9000000134,900000000134,1991-02-19
SP0135,Passenger135,Sample135,65,F,passenger135@example.com,+91-9000000135,900000000135,1961-09-09
SP0136,Passenger136,Sample136,47,M,passenger136@example.com,+91-9000000136,900000000136,1979-06-23
SP0137,Passenger137,Sample137,78,M,passenger137@example.com,+91-9000000137,900000000137,1948-02-21
SP0138,Passenger138,Sample138,3,F,passenger138@example.com,+91-9000000138,900000000138,2023-10-20
SP0139,Passenger139,Sample139,1,F,passenger139@example.com,+91-9000000139,900000000139,2025-12-15
SP0140,Passenger140,Sample140,5,M,passenger140@example.com,+91-9000000140,900000000140,2021-11-04
SP0141,Passenger141,Sample141,14,F,passenger141@example.com,+91-9000000141,900000000141,2012-01-09
SP0142,Passenger142,Sample142,27,M,passenger142@example.com,+91-9000000142,900000000142,1999-04-05
SP0143,Passenger143,Sample143,9,M,passenger143@example.com,+91-9000000143,900000000143,2017-09-23
SP0144,Passenger144,Sample144,79,M,passenger144@example.com,+91-9000000144,900000000144,1947-02-22
SP0145,Passenger145,Sample145,15,F,passenger145@example.com,+91-9000000145,900000000145,2011-11-26
SP0146,Passenger146,Sample146,42,M,passenger146@example.com,+91-9000000146,900000000146,1984-08-02
SP0147,Passenger147,Sample147,42,M,passenger147@example.com,+91-9000000147,900000000147,1984-03-18
SP0148,Passenger148,Sample148,77,M,passenger148@example.com,+91-9000000148,900000000148,1949-06-05
SP0149,Passenger149,Sample149,77,M,passenger149@example.com,+91-9000000149,900000000149,1949-10-22
SP0150,Passenger150,Sample150,51,F,passenger150@example.com,+91-9000000150,900000000150,1975-06-19
SP0151,Passenger151,Sample151,63,F,passenger151@example.com,+91-9000000151,900000000151,1963-09-16
SP0152,Passenger152,Sample152,52,F,passenger152@example.com,+91-9000000152,900000000152,1974-04-10
SP0153,Passenger153,Sample153,4,F,passenger153@example.com,+91-9000000153,900000000153,2022-08-28
SP0154,Passenger154,Sample154,23,M,passenger154@example.com,+91-9000000154,900000000154,2003-08-07
SP0155,Passenger155,Sample155,15,M,passenger155@example.com,+91-9000000155,900000000155,2011-07-15
SP0156,Passenger156,Sample156,43,M,passenger156@example.com,+91-9000000156,900000000156,1983-01-19
SP0157,Passenger157,Sample157,29,M,passenger157@example.com,+91-9000000157,900000000157,1997-04-16
SP0158,Passenger158,Sample158,36,F,passenger158@example.com,+91-9000000158,900000000158,1990-09-02
SP0159,Passenger159,Sample159,13,M,passenger159@example.com,+91-9000000159,900000000159,2013-10-21
SP0160,Passenger160,Sample160,32,M,passenger160@example.com,+91-9000000160,900000000160,1994-01-17
SP0161,Passenger161,Sample161,71,F,passenger161@example.com,+91-9000000161,900000000161,1955-06-13
SP0162,Passenger162,Sample162,59,M,passenger162@example.com,+91-9000000162,900000000162,1967-12-06
SP0163,Passenger163,Sample163,86,M,passenger163@example.com,+91-9000000163,900000000163,1940-11-09
SP0164,Passenger164,Sample164,28,M,passenger164@example.com,+91-9000000164,900000000164,1998-07-22
SP0165,Passenger165,Sample165,66,M,passenger165@example.com,+91-9000000165,900000000165,1960-10-13
SP0166,Passenger166,Sample166,42,M,passenger166@example.com,+91-9000000166,900000000166,1984-10-10
SP0167,Passenger167,Sample167,45,M,passenger167@example.com,+91-9000000167,900000000167,1981-06-25
SP0168,Passenger168,Sample168,62,F,passenger168@example.com,+91-9000000168,900000000168,1964-09-03
SP0169,Passenger169,Sample169,57,F,passenger169@example.com,+91-9000000169,900000000169,1969-03-09
SP0170,Passenger170,Sample170,6,M,passenger170@example.com,+91-9000000170,900000000170,2020-12-21
SP0171,Passenger171,Sample171,28,M,passenger171@example.com,+91-9000000171,900000000171,1998-11-20
SP0172,Passenger172,Sample172,28,F,passenger172@example.com,+91-9000000172,900000000172,1998-07-09
SP0173,Passenger173,Sample173,44,M,passenger173@example.com,+91-9000000173,900000000173,1982-07-22
SP0174,Passenger174,Sample174,84,M,passenger174@example.com,+91-9000000174,900000000174,1942-09-17
SP0175,Passenger175,Sample175,30,M,passenger175@example.com,+91-9000000175,900000000175,1996-06-26
SP0176,Passenger176,Sample176,62,F,passenger176@example.com,+91-9000000176,900000000176,1964-08-25
SP0177,Passenger177,Sample177,75,M,passenger177@example.com,+91-9000000177,900000000177,1951-04-17
SP0178,Passenger178,Sample178,89,F,passenger178@example.com,+91-9000000178,900000000178,1937-12-08
SP0179,Passenger179,Sample179,62,M,passenger179@example.com,+91-9000000179,900000000179,1964-12-20
SP0180,Passenger180,Sample180,1,F,passenger180@example.com,+91-9000000180,900000000180,2025-06-07
SP0181,Passenger181,Sample181,27,F,passenger181@example.com,+91-9000000181,900000000181,1999-10-06
SP0182,Passenger182,Sample182,62,M,passenger182@example.com,+91-9000000182,900000000182,1964-10-05
SP0183,Passenger183,Sample183,77,F,passenger183@example.com,+91-9000000183,900000000183,1949-10-02
SP0184,Passenger184,Sample184,3,M,passenger184@example.com,+91-9000000184,900000000184,2023-02-19
SP0185,Passenger185,Sample185,70,F,passenger185@example.com,+91-9000000185,900000000185,1956-10-04
SP0186,Passenger186,Sample186,72,M,passenger186@example.com,+91-9000000186,900000000186,1954-02-15
SP0187,Passenger187,Sample187,72,M,passenger187@example.com,+91-9000000187,900000000187,1954-09-09
SP0188,Passenger188,Sample188,27,M,passenger188@example.com,+91-9000000188,900000000188,1999-04-05
SP0189,Passenger189,Sample189,9,F,passenger189@example.com,+91-9000000189,900000000189,2017-12-09
SP0190,Passenger190,Sample190,62,M,passenger190@example.com,+91-9000000190,900000000190,1964-08-09
SP0191,Passenger191,Sample191,37,M,passenger191@example.com,+91-9000000191,900000000191,1989-03-15
SP0192,Passenger192,Sample192,51,F,passenger192@example.com,+91-9000000192,900000000192,1975-07-21
SP0193,Passenger193,Sample193,44,M,passenger193@example.com,+91-9000000193,900000000193,1982-01-23
SP0194,Passenger194,Sample194,24,M,passenger194@example.com,+91-9000000194,900000000194,2002-07-25
SP0195,Passenger195,Sample195,79,F,passenger195@example.com,+91-9000000195,900000000195,1947-04-03
SP0196,Passenger196,Sample196,59,F,passenger196@example.com,+91-9000000196,900000000196,1967-10-20
SP0197,Passenger197,Sample197,32,M,passenger197@example.com,+91-9000000197,900000000197,1994-07-04
SP0198,Passenger198,Sample198,88,M,passenger198@example.com,+91-9000000198,900000000198,1938-11-06
SP0199,Passenger199,Sample199,52,F,passenger199@example.com,+91-9000000199,900000000199,1974-07-23
SP0200,Passenger200,Sample200,62,F,passenger200@example.com,+91-9000000200,900000000200,1964-06-13
