passenger_id,first_name,last_name,age,gender,date_of_birth,quality_flag,aadhaar_id_hash,phone_masked,email_masked
SP0001,Passenger001,Sample001,52,F,1974-04-08,OK,6289a88460cc2b39,+91-********01,p**********1@example.com
SP0002,Passenger002,Sample002,15,M,2011-03-07,OK,2ec46d30809f0310,+91-********02,p**********2@example.com
SP0003,Passenger003,Sample003,72,M,1954-09-10,OK,e6ca554d73c90f4e,+91-********03,p**********3@example.com
SP0004,Passenger004,Sample004,61,F,1965-03-12,OK,7813156e61ebf32b,+91-********04,p**********4@example.com
SP0005,Passenger005,Sample005,21,M,2005-11-11,OK,6cfc3e77a28783fb,+91-********05,p**********5@example.com
SP0006,Passenger006,Sample006,83,M,1943-03-09,OK,685dc5e26f22ed9e,+91-********06,p**********6@example.com
SP0007,Passenger007,Sample007,87,M,1939-02-25,OK,facd7651adba6094,+91-********07,p**********7@example.com
SP0008,Passenger008,Sample008,75,M,1951-11-24,OK,f0808e749242d05f,+91-********08,p**********8@example.com
SP0009,Passenger009,Sample009,75,M,1951-11-10,OK,a96f7cd85b5f6329,+91-********09,p**********9@example.com
SP0010,Passenger010,Sample010,88,M,1938-04-02,OK,4cdf071713da15d9,+91-********10,p**********0@example.com
SP0011,Passenger011,Sample011,24,M,2002-04-18,OK,8888924eef80092f,+91-********11,p**********1@example.com
SP0012,Passenger012,Sample012,3,M,2023-04-19,OK,632337090244f1b3,+91-********12,p**********2@example.com
SP0013,Passenger013,Sample013,22,M,2004-03-24,OK,d2f41c50db561589,+91-********13,p**********3@example.com
SP0014,Passenger014,Sample014,53,M,1973-01-13,OK,a242345ae6bddbd8,+91-********14,p**********4@example.com
SP0015,Passenger015,Sample015,2,F,2024-09-04,OK,b32da4788f36b530,+91-********15,p**********5@example.com
SP0016,Passenger016,Sample016,88,F,1938-05-26,OK,195ea9f086ffc5e3,+91-********16,p**********6@example.com
SP0017,Passenger017,Sample017,30,M,1996-01-19,OK,6ac3c063d5f55bfe,+91-********17,p**********7@example.com
SP0018,Passenger018,Sample018,38,F,1988-10-02,OK,4ec8285a99e3173c,+91-********18,p**********8@example.com
SP0019,Passenger019,Sample019,2,F,2024-08-11,OK,af6b19afa7bac90d,+91-********19,p**********9@example.com
SP0020,Passenger020,Sample020,64,M,1962-06-10,OK,3a0dab1733477b9e,+91-********20,p**********0@example.com
SP0021,Passenger021,Sample021,60,M,1966-12-18,OK,70e9ebaad211ca3e,+91-********21,p**********1@example.com
SP0022,Passenger022,Sample022,21,M,2005-01-01,OK,2158295aefbd0013,+91-********22,p**********2@example.com
SP0023,Passenger023,Sample023,33,F,1993-06-19,OK,f249c4a97eedeec2,+91-********23,p**********3@example.com
SP0024,Passenger024,Sample024,76,F,1950-10-24,OK,4a969e46237e47b7,+91-********24,p**********4@example.com
SP0025,Passenger025,Sample025,58,M,1968-08-08,OK,a245137ce202f09b,+91-********25,p**********5@example.com
SP0026,Passenger026,Sample026,22,M,2004-07-22,OK,168647b030f2dc8d,+91-********26,p**********6@example.com
SP0027,Passenger027,Sample027,89,M,1937-10-17,OK,7b5e7a5483071f14,+91-********27,p**********7@example.com
SP0028,Passenger028,Sample028,49,F,1977-10-11,OK,aab42a6ba5eaabc6,+91-********28,p**********8@example.com
SP0029,Passenger029,Sample029,59,F,1967-10-10,OK,df72c573f04476d1,+91-********29,p**********9@example.com
SP0030,Passenger030,Sample030,42,F,1984-12-06,OK,69f1fda05ad5f3b1,+91-********30,p**********0@example.com
SP0031,Passenger031,Sample031,60,F,1966-10-28,OK,fb94991f283f9cc5,+91-********31,p**********1@example.com
SP0032,Passenger032,Sample032,80,M,1946-12-17,OK,365dcdb7be2a82f5,+91-********32,p**********2@example.com
SP0033,Passenger033,Sample033,15,M,2011-07-27,OK,6396003b6e3fefea,+91-********33,p**********3@example.com
SP0034,Passenger034,Sample034,62,M,1964-04-09,OK,a44ef7c5a8bd5b5f,+91-********34,p**********4@example.com
SP0035,Passenger035,Sample035,62,M,1964-08-14,OK,78abb31e580c868d,+91-********35,p**********5@example.com
SP0036,Passenger036,Sample036,62,M,1964-09-24,OK,068224f1e93d2e10,+91-********36,p**********6@example.com
SP0037,Passenger037,Sample037,47,F,1979-09-01,OK,87950bf4f96e3b6f,+91-********37,p**********7@example.com
SP0038,Passenger038,Sample038,62,F,1964-07-09,OK,cde883947c7ddfe2,+91-********38,p**********8@example.com
SP0039,Passenger039,Sample039,51,M,1975-01-20,OK,b7bc56880aaceb51,+91-********39,p**********9@example.com
SP0040,Passenger040,Sample040,55,M,1971-05-04,OK,e0ead932644d3b8d,+91-********40,p**********0@example.com
SP0041,Passenger041,Sample041,64,F,1962-01-12,OK,5acdeecca03ddf05,+91-********41,p**********1@example.com
SP0042,Passenger042,Sample042,3,M,2023-07-06,OK,b6806efad11bcd6a,+91-********42,p**********2@example.com
SP0043,Passenger043,Sample043,51,F,1975-08-19,OK,0d3e617e1ee86765,+91-********43,p**********3@example.com
SP0044,Passenger044,Sample044,7,M,2019-09-01,OK,806fa7b3d161d714,+91-********44,p**********4@example.com
SP0045,Passenger045,Sample045,21,M,2005-07-23,OK,20ddf478a077782f,+91-********45,p**********5@example.com
SP0046,Passenger046,Sample046,73,M,1953-05-09,OK,cd93192c06d9dc97,+91-********46,p**********6@example.com
SP0047,Passenger047,Sample047,39,M,1987-05-04,OK,891b077202052176,+91-********47,p**********7@example.com
SP0048,Passenger048,Sample048,18,M,2008-11-28,OK,94ef268d6754e42f,+91-********48,p**********8@example.com
SP0049,Passenger049,Sample049,4,M,2022-07-16,OK,9d3f931fa09b2790,+91-********49,p**********9@example.com
SP0050,Passenger050,Sample050,89,M,1937-09-13,OK,6d20d400fc855196,+91-********50,p**********0@example.com
SP0051,Passenger051,Sample051,60,F,1966-03-08,OK,7e7a8a29b433d1a3,+91-********51,p**********1@example.com
SP0052,Passenger052,Sample052,14,F,2012-11-08,OK,ea6e6fe7a5a4fad3,+91-********52,p**********2@example.com
SP0053,Passenger053,Sample053,9,F,2017-05-15,OK,1a0aae288f7cb44e,+91-********53,p**********3@example.com
SP0054,Passenger054,Sample054,53,F,1973-10-09,OK,9293e4002545c202,+91-********54,p**********4@example.com
SP0055,Passenger055,Sample055,2,F,2024-10-14,OK,e664640fbc7e341e,+91-********55,p**********5@example.com
SP0056,Passenger056,Sample056,84,M,1942-01-15,OK,3233f0a681863bba,+91-********56,p**********6@example.com
SP0057,Passenger057,Sample057,60,M,1966-10-25,OK,24355013a453e377,+91-********57,p**********7@example.com
SP0058,Passenger058,Sample058,71,F,1955-12-06,OK,14224d6294239169,+91-********58,p**********8@example.com
SP0059,Passenger059,Sample059,44,M,1982-08-16,OK,b7109486440674f3,+91-********59,p**********9@example.com
SP0060,Passenger060,Sample060,8,F,2018-01-10,OK,cae52cf4a232f1d8,+91-********60,p**********0@example.com
SP0061,Passenger061,Sample061,47,F,1979-10-13,OK,3086e508cf09f4ea,+91-********61,p**********1@example.com
SP0062,Passenger062,Sample062,35,M,1991-08-04,OK,2516af685f8e018b,+91-********62,p**********2@example.com
SP0063,Passenger063,Sample063,78,M,1948-07-11,OK,00f94ab12206fbf9,+91-********63,p**********3@example.com
SP0064,Passenger064,Sample064,81,M,1945-01-11,OK,f618903d98ec6d38,+91-********64,p**********4@example.com
SP0065,Passenger065,Sample065,36,F,1990-07-20,OK,cb2508934dd1f711,+91-********65,p**********5@example.com
SP0066,Passenger066,Sample066,50,M,1976-08-12,OK,a863465de1bb2398,+91-********66,p**********6@example.com
SP0067,Passenger067,Sample067,4,F,2022-10-10,OK,f4b725fad5eee96c,+91-********67,p**********7@example.com
SP0068,Passenger068,Sample068,2,F,2024-11-07,OK,d07d957b4f5db299,+91-********68,p**********8@example.com
SP0069,Passenger069,Sample069,6,F,2020-12-14,OK,f588a4b757d58211,+91-********69,p**********9@example.com
SP0070,Passenger070,Sample070,54,M,1972-02-05,OK,9fe056c1cb223435,+91-********70,p**********0@example.com
SP0071,Passenger071,Sample071,4,M,2022-07-27,OK,8bb59e1b5eace069,+91-********71,p**********1@example.com
SP0072,Passenger072,Sample072,54,F,1972-02-05,OK,52ab7f2cb30ee3ef,+91-********72,p**********2@example.com
SP0073,Passenger073,Sample073,63,M,1963-12-24,OK,d409d45a79821aeb,+91-********73,p**********3@example.com
SP0074,Passenger074,Sample074,18,M,2008-02-22,OK,4c2b7ab470de3b33,+91-********74,p**********4@example.com
SP0075,Passenger075,Sample075,44,M,1982-03-26,OK,5fa3e9a0d2b857ba,+91-********75,p**********5@example.com
SP0076,Passenger076,Sample076,34,F,1992-09-09,OK,eb1360b0cc08f5e1,+91-********76,p**********6@example.com
SP0077,Passenger077,Sample077,74,F,1952-12-14,OK,6ab63844c0bf2d86,+91-********77,p**********7@example.com
SP0078,Passenger078,Sample078,62,M,1964-12-26,OK,c5cc5c448844e33d,+91-********78,p**********8@example.com
SP0079,Passenger079,Sample079,14,F,2012-03-03,OK,10b0528e02000a47,+91-********79,p**********9@example.com
SP0080,Passenger080,Sample080,48,M,1978-12-04,OK,6bc74cb97486e3ac,+91-********80,p**********0@example.com
SP0081,Passenger081,Sample081,15,M,2011-06-05,OK,23c2784ee41867d2,+91-********81,p**********1@example.com
SP0082,Passenger082,Sample082,72,M,1954-11-04,OK,12aa033452c3ba3d,+91-********82,p**********2@example.com
SP0083,Passenger083,Sample083,78,M,1948-04-28,OK,55d8ec1a1a1f099c,+91-********83,p**********3@example.com
SP0084,Passenger084,Sample084,87,F,1939-11-27,OK,25ca84aeaefcd04d,+91-********84,p**********4@example.com
SP0085,Passenger085,Sample085,62,F,1964-02-24,OK,415a818416bb501f,+91-********85,p**********5@example.com
SP0086,Passenger086,Sample086,40,F,1986-03-25,OK,ed8caab9634dba65,+91-********86,p**********6@example.com
SP0087,Passenger087,Sample087,85,M,1941-06-14,OK,9db03d11a7b57a5a,+91-********87,p**********7@example.com
SP0088,Passenger088,Sample088,80,M,1946-04-25,OK,82c5184411f1f39c,+91-********88,p**********8@example.com
SP0089,Passenger089,Sample089,82,M,1944-11-26,OK,da41a4d735bc6461,+91-********89,p**********9@example.com
SP0090,Passenger090,Sample090,53,F,1973-02-13,OK,4a787c1bc0941c62,+91-********90,p**********0@example.com
SP0091,Passenger091,Sample091,24,M,2002-07-28,OK,616ba4175cf70430,+91-********91,p**********1@example.com
SP0092,Passenger092,Sample092,26,F,2000-02-05,OK,480b4002ef2de62f,+91-********92,p**********2@example.com
SP0093,Passenger093,Sample093,89,F,1937-11-11,OK,c457ad427c7efcab,+91-********93,p**********3@example.com
SP0094,Passenger094,Sample094,60,F,1966-01-02,OK,192fbbb391312260,+91-********94,p**********4@example.com
SP0095,Passenger095,Sample095,41,F,1985-06-20,OK,a7c9df0dac69dfa1,+91-********95,p**********5@example.com
SP0096,Passenger096,Sample096,29,F,1997-10-06,OK,267bd640c983ad91,+91-********96,p**********6@example.com
SP0097,Passenger097,Sample097,15,F,2011-05-24,OK,c6730fda5c823eb7,+91-********97,p**********7@example.com
SP0098,Passenger098,Sample098,45,M,1981-11-26,OK,c176b075e1c5ae49,+91-********98,p**********8@example.com
SP0099,Passenger099,Sample099,65,M,1961-04-08,OK,e56e0868eefd91d9,+91-********99,p**********9@example.com
SP0100,Passenger100,Sample100,89,F,1937-03-06,OK,c3f45ddc961945f7,+91-********00,p**********0@example.com
SP0101,Passenger101,Sample101,71,F,1955-05-26,OK,ea3606014feb893f,+91-********01,p**********1@example.com
SP0102,Passenger102,Sample102,9,M,2017-05-02,OK,8a7d8e06fd5f1d82,+91-********02,p**********2@example.com
SP0103,Passenger103,Sample103,88,F,1938-04-27,OK,7ba5f8c3863afc3b,+91-********03,p**********3@example.com
SP0104,Passenger104,Sample104,1,F,2025-02-27,OK,9f3a176ac4edb93a,+91-********04,p**********4@example.com
SP0105,Passenger105,Sample105,1,F,2025-03-18,OK,9018c3eb0587bc0f,+91-********05,p**********5@example.com
SP0106,Passenger106,Sample106,8,M,2018-10-18,OK,4d615bff32011b71,+91-********06,p**********6@example.com
SP0107,Passenger107,Sample107,88,F,1938-06-03,OK,0391bd2a91bbdf10,+91-********07,p**********7@example.com
SP0108,Passenger108,Sample108,88,F,1938-12-25,OK,49cb6def6fa30108,+91-********08,p**********8@example.com
SP0109,Passenger109,Sample109,88,F,1938-04-02,OK,ca134b686e0da361,+91-********09,p**********9@example.com
SP0110,Passenger110,Sample110,63,F,1963-05-04,OK,476dcba9f47614d3,+91-********10,p**********0@example.com
SP0111,Passenger111,Sample111,11,F,2015-07-20,OK,88e7c49a5ee68cb6,+91-********11,p**********1@example.com
SP0112,Passenger112,Sample112,81,M,1945-01-24,OK,1e892c1468a51624,+91-********12,p**********2@example.com
SP0113,Passenger113,Sample113,8,M,2018-02-08,OK,35e60dac88799be2,+91-********13,p**********3@example.com
SP0114,Passenger114,Sample114,8,M,2018-06-13,OK,0ada304b6e441034,+91-********14,p**********4@example.com
SP0115,Passenger115,Sample115,35,M,1991-10-10,OK,c4720afeabf6003c,+91-********15,p**********5@example.com
SP0116,Passenger116,Sample116,35,F,1991-05-28,OK,a9bd4bd18a8287b5,+91-********16,p**********6@example.com
SP0117,Passenger117,Sample117,33,F,1993-06-15,OK,94155dd231f9efbe,+91-********17,p**********7@example.com
SP0118,Passenger118,Sample118,5,M,2021-11-03,OK,af622d853b5d7bf8,+91-********18,p**********8@example.com
SP0119,Passenger119,Sample119,41,F,1985-03-10,OK,c2906a73c8b15b1d,+91-********19,p**********9@example.com
SP0120,Passenger120,Sample120,28,F,1998-09-03,OK,b42f1111ac2a4a3a,+91-********20,p**********0@example.com
SP0121,Passenger121,Sample121,7,F,2019-05-21,OK,99fa71a49cde5f57,+91-********21,p**********1@example.com
SP0122,Passenger122,Sample122,73,F,1953-03-15,OK,2fc0cdf7be5ac553,+91-********22,p**********2@example.com
SP0123,Passenger123,Sample123,72,F,1954-02-11,OK,9f07abf34a7c0f66,+91-********23,p**********3@example.com
SP0124,Passenger124,Sample124,12,M,2014-06-19,OK,3bc1d0d9c0221d68,+91-********24,p**********4@example.com
SP0125,Passenger125,Sample125,34,F,1992-04-07,OK,6d2641d5ff81d988,+91-********25,p**********5@example.com
SP0126,Passenger126,Sample126,33,M,1993-12-12,OK,965541d892be4fa2,+91-********26,p**********6@example.com
SP0127,Passenger127,Sample127,48,F,1978-09-09,OK,86bebb463b29962e,+91-********27,p**********7@example.com
SP0128,Passenger128,Sample128,23,M,2003-01-02,OK,4eab80cb582abc47,+91-********28,p**********8@example.com
SP0129,Passenger129,Sample129,62,F,1964-07-20,OK,9991299e253a9471,+91-********29,p**********9@example.com
SP0130,Passenger130,Sample130,88,M,1938-05-26,OK,d95c153b6e37ba56,+91-********30,p**********0@example.com
SP0131,Passenger131,Sample131,37,F,1989-01-19,OK,a4ab761939d79a28,+91-********31,p**********1@example.com
SP0132,Passenger132,Sample132,44,M,1982-09-07,OK,0055e789650e605a,+91-********32,p**********2@example.com
SP0133,Passenger133,Sample133,86,F,1940-08-07,OK,c1c843316f9c9643,+91-********33,p**********3@example.com
SP0134,Passenger134,Sample134,35,M,1991-02-19,OK,9e9e3c2f383c16cf,+91-********34,p**********4@example.com
SP0135,Passenger135,Sample135,65,F,1961-09-09,OK,ba4c03147b68bd07,+91-********35,p**********5@example.com
SP0136,Passenger136,Sample136,47,M,1979-06-23,OK,7afb88d842bda24e,+91-********36,p**********6@example.com
SP0137,Passenger137,Sample137,78,M,1948-02-21,OK,b01931cbabdde4c9,+91-********37,p**********7@example.com
SP0138,Passenger138,Sample138,3,F,2023-10-20,OK,d16b1b01522f56af,+91-********38,p**********8@example.com
SP0139,Passenger139,Sample139,1,F,2025-12-15,OK,7cf9715cc7a4db6e,+91-********39,p**********9@example.com
SP0140,Passenger140,Sample140,5,M,2021-11-04,OK,c9bdd448505e4fe0,+91-********40,p**********0@example.com
SP0141,Passenger141,Sample141,14,F,2012-01-09,OK,bcb94aa8ddfddc60,+91-********41,p**********1@example.com
SP0142,Passenger142,Sample142,27,M,1999-04-05,OK,1e396c49605464fa,+91-********42,p**********2@example.com
SP0143,Passenger143,Sample143,9,M,2017-09-23,OK,85eb491d55a56844,+91-********43,p**********3@example.com
SP0144,Passenger144,Sample144,79,M,1947-02-22,OK,950cd922c526cba8,+91-********44,p**********4@example.com
SP0145,Passenger145,Sample145,15,F,2011-11-26,OK,5eb96dfaedc05c16,+91-********45,p**********5@example.com
SP0146,Passenger146,Sample146,42,M,1984-08-02,OK,048ea625b8794fd8,+91-********46,p**********6@example.com
SP0147,Passenger147,Sample147,42,M,1984-03-18,OK,b02d808f11f17dd8,+91-********47,p**********7@example.com
SP0148,Passenger148,Sample148,77,M,1949-06-05,OK,3128e383b5deceec,+91-********48,p**********8@example.com
SP0149,Passenger149,Sample149,77,M,1949-10-22,OK,a57a5ad459fb0287,+91-********49,p**********9@example.com
SP0150,Passenger150,Sample150,51,F,1975-06-19,OK,f0ecbc23eb7d9dac,+91-********50,p**********0@example.com
SP0151,Passenger151,Sample151,63,F,1963-09-16,OK,d3146d8728a973ed,+91-********51,p**********1@example.com
SP0152,Passenger152,Sample152,52,F,1974-04-10,OK,4c5f3c252dfb7eff,+91-********52,p**********2@example.com
SP0153,Passenger153,Sample153,4,F,2022-08-28,OK,1fad8353280dacb7,+91-********53,p**********3@example.com
SP0154,Passenger154,Sample154,23,M,2003-08-07,OK,74e75d79f4ee7eb3,+91-********54,p**********4@example.com
SP0155,Passenger155,Sample155,15,M,2011-07-15,OK,e2e2bb05c07802b9,+91-********55,p**********5@example.com
SP0156,Passenger156,Sample156,43,M,1983-01-19,OK,de8bd9050bcfdced,+91-********56,p**********6@example.com
SP0157,Passenger157,Sample157,29,M,1997-04-16,OK,c3505de4210d4e34,+91-********57,p**********7@example.com
SP0158,Passenger158,Sample158,36,F,1990-09-02,OK,52c1ff3734551600,+91-********58,p**********8@example.com
SP0159,Passenger159,Sample159,13,M,2013-10-21,OK,d7a23efb093598d7,+91-********59,p**********9@example.com
SP0160,Passenger160,Sample160,32,M,1994-01-17,OK,ff7bf1e54ca65bff,+91-********60,p**********0@example.com
SP0161,Passenger161,Sample161,71,F,1955-06-13,OK,2c2bdc7e1ad4ae73,+91-********61,p**********1@example.com
SP0162,Passenger162,Sample162,59,M,1967-12-06,OK,fcdf0f9558362357,+91-********62,p**********2@example.com
SP0163,Passenger163,Sample163,86,M,1940-11-09,OK,1d1ee2b273b8ecd7,+91-********63,p**********3@example.com
SP0164,Passenger164,Sample164,28,M,1998-07-22,OK,30e38c4ff988d883,+91-********64,p**********4@example.com
SP0165,Passenger165,Sample165,66,M,1960-10-13,OK,de26ade5eaab298c,+91-********65,p**********5@example.com
SP0166,Passenger166,Sample166,42,M,1984-10-10,OK,8de38c62ef3f88d8,+91-********66,p**********6@example.com
SP0167,Passenger167,Sample167,45,M,1981-06-25,OK,27453b7cd710cfb5,+91-********67,p**********7@example.com
SP0168,Passenger168,Sample168,62,F,1964-09-03,OK,8a6a4483b8219052,+91-********68,p**********8@example.com
SP0169,Passenger169,Sample169,57,F,1969-03-09,OK,5c47b67ebc8aaab9,+91-********69,p**********9@example.com
SP0170,Passenger170,Sample170,6,M,2020-12-21,OK,f21bb62d2353d3c3,+91-********70,p**********0@example.com
SP0171,Passenger171,Sample171,28,M,1998-11-20,OK,e7ec8b8351eb962d,+91-********71,p**********1@example.com
SP0172,Passenger172,Sample172,28,F,1998-07-09,OK,92de51be52d56074,+91-********72,p**********2@example.com
SP0173,Passenger173,Sample173,44,M,1982-07-22,OK,bbe21a461f65d0b2,+91-********73,p**********3@example.com
SP0174,Passenger174,Sample174,84,M,1942-09-17,OK,5c0f9c42a40d18c6,+91-********74,p**********4@example.com
SP0175,Passenger175,Sample175,30,M,1996-06-26,OK,e50fb6883bde9c24,+91-********75,p**********5@example.com
SP0176,Passenger176,Sample176,62,F,1964-08-25,OK,71b26dc609eaa337,+91-********76,p**********6@example.com
SP0177,Passenger177,Sample177,75,M,1951-04-17,OK,c20e379c81632e9b,+91-********77,p**********7@example.com
SP0178,Passenger178,Sample178,89,F,1937-12-08,OK,9664f0e0951b54b4,+91-********78,p**********8@example.com
SP0179,Passenger179,Sample179,62,M,1964-12-20,OK,f747521169676c5c,+91-********79,p**********9@example.com
SP0180,Passenger180,Sample180,1,F,2025-06-07,OK,af448b633ec40180,+91-********80,p**********0@example.com
SP0181,Passenger181,Sample181,27,F,1999-10-06,OK,cf5d71377361629d,+91-********81,p**********1@example.com
SP0182,Passenger182,Sample182,62,M,1964-10-05,OK,fe94cab1636efe0f,+91-********82,p**********2@example.com
SP0183,Passenger183,Sample183,77,F,1949-10-02,OK,164a111d75411142,+91-********83,p**********3@example.com
SP0184,Passenger184,Sample184,3,M,2023-02-19,OK,1f2938a6b8af5e84,+91-********84,p**********4@example.com
SP0185,Passenger185,Sample185,70,F,1956-10-04,OK,2583ba2997c64bdb,+91-********85,p**********5@example.com
SP0186,Passenger186,Sample186,72,M,1954-02-15,OK,3ed0f49698cae1d8,+91-********86,p**********6@example.com
SP0187,Passenger187,Sample187,72,M,1954-09-09,OK,e63a8edee94f4fa7,+91-********87,p**********7@example.com
SP0188,Passenger188,Sample188,27,M,1999-04-05,OK,d8b7a2a064eb6785,+91-********88,p**********8@example.com
SP0189,Passenger189,Sample189,9,F,2017-12-09,OK,0f61b42d0fbb97f1,+91-********89,p**********9@example.com
SP0190,Passenger190,Sample190,62,M,1964-08-09,OK,bcb47edfd94b2163,+91-********90,p**********0@example.com
SP0191,Passenger191,Sample191,37,M,1989-03-15,OK,dd996b6af3131b3e,+91-********91,p**********1@example.com
SP0192,Passenger192,Sample192,51,F,1975-07-21,OK,870716e1eb850f0b,+91-********92,p**********2@example.com
SP0193,Passenger193,Sample193,44,M,1982-01-23,OK,d4cf3368b094b5ef,+91-********93,p**********3@example.com
SP0194,Passenger194,Sample194,24,M,2002-07-25,OK,411cda7f77d5ee57,+91-********94,p**********4@example.com
SP0195,Passenger195,Sample195,79,F,1947-04-03,OK,7fd68bd1a4bba1dd,+91-********95,p**********5@example.com
SP0196,Passenger196,Sample196,59,F,1967-10-20,OK,2f6ccf386e33274f,+91-********96,p**********6@example.com
SP0197,Passenger197,Sample197,32,M,1994-07-04,OK,5f1eece76a165b81,+91-********97,p**********7@example.com
SP0198,Passenger198,Sample198,88,M,1938-11-06,OK,367b61ead6adb741,+91-********98,p**********8@example.com
SP0199,Passenger199,Sample199,52,F,1974-07-23,OK,9349bab6dd7f1227,+91-********99,p**********9@example.com
SP0200,Passenger200,Sample200,62,F,1964-06-13,OK,0c2b5390e4ec8f4e,+91-********00,p**********0@example.com
